Nombre;Apellido;Email;Rut;Hora de proceso
Kimberly;Williamson;et.malesuada.fames@nascetur.edu;21926452-6;16:45:03
Maxine;Galloway;sapien@Aliquamrutrumlorem.com;40669191-8;16:45:10
Jamal;Gibbs;adipiscing@Quisquefringillaeuismod.net;27862389-0;16:45:16
Yael;Estrada;diam.Pellentesque.habitant@nonnisiAenean.edu;19764717-5;
Paula;Beasley;laoreet.lectus.quis@liberoDonecconsectetuer.com;36167164-3;
Anthony;Eaton;elit.dictum.eu@aliquetdiam.co.uk;45643765-6;
Darius;Owen;non.dui.nec@egestas.edu;48347853-4;
Giacomo;Whitehead;enim.Curabitur.massa@InfaucibusMorbi.com;39302688-K;
Hedwig;Fleming;sem@nisinibhlacinia.org;21512206-9;
Astra;Dodson;nibh@Curabituregestasnunc.com;5484860-9;
Noelle;Madden;ultrices.iaculis.odio@cursuseteros.org;9834967-7;
Portia;Rose;lorem.lorem@leoCras.net;13511789-7;
Kessie;Booth;ullamcorper.eu@Integertinciduntaliquam.net;30432895-9;
Karyn;Salas;eget@nunc.co.uk;45538085-5;
Jamal;Meadows;erat.Etiam.vestibulum@risus.ca;23354034-K;
Joseph;Mckinney;Suspendisse.aliquet@porttitorscelerisqueneque.ca;15319340-1;
Aileen;Prince;ante.bibendum.ullamcorper@Proin.co.uk;24970483-0;
Alden;Acevedo;aliquet.Phasellus@magna.ca;7978181-9;
Aphrodite;Rice;lectus@sociis.ca;8297714-7;
Carolyn;Stone;augue.ac.ipsum@apurus.ca;43547905-7;
Dean;Newton;arcu.Morbi.sit@pellentesque.org;11326139-0;
Kane;Fry;metus@dolorsit.org;19662997-1;
Christen;Shields;facilisis.vitae.orci@Donec.com;33536477-5;
Jack;Bowman;malesuada.malesuada.Integer@neque.edu;35552660-7;
Timothy;Ashley;convallis.convallis@sagittis.org;42201737-2;
May;Dominguez;eu.dui.Cum@eulacusQuisque.co.uk;30156105-9;
Kane;Mccormick;Lorem.ipsum@Cumsociis.co.uk;38405389-0;
Colt;Boyd;In.lorem.Donec@lectuspedeet.com;19519815-2;
Ursa;Martinez;Proin@malesuadaIntegerid.net;50052963-6;
Kylan;Cochran;posuere.at.velit@lorem.net;5109292-9;
Leila;Fischer;diam.eu.dolor@Nunccommodoauctor.com;32907244-4;
Idona;Johns;nec@Nulla.com;12885307-3;
Cain;Gibbs;ultrices.mauris.ipsum@antedictumcursus.ca;49093258-5;
Faith;Mckinney;Aliquam.adipiscing.lobortis@nulla.net;18612413-8;
Kuame;Jones;Suspendisse@eueuismod.net;35255732-3;
Lacota;Roth;interdum.Curabitur.dictum@volutpatornarefacilisis.com;37068041-8;
Dean;Lang;Cras@PraesentluctusCurabitur.edu;30127396-7;
Melanie;Burgess;Mauris@auctornonfeugiat.ca;19742740-K;
Aphrodite;Bright;ultrices@etmagnisdis.org;26180509-K;
Ulysses;Green;massa@natoquepenatibus.co.uk;50040494-9;
Whitney;Haynes;consectetuer@enimMauris.ca;50117455-6;
Raja;Brewer;libero.Integer@etpedeNunc.com;29338783-4;
Michelle;Bailey;lorem@Phaselluslibero.ca;36571109-7;
Venus;Franks;neque@amet.net;33438993-6;
Reese;Daniel;tellus.justo.sit@et.org;12228369-0;
Melvin;Gonzales;Etiam@Nunc.net;25039455-1;
Glenna;Combs;fermentum@interdumliberodui.net;46694237-5;
Heidi;Vargas;velit@amet.org;18092509-0;
Eden;Bond;amet.ultricies@Morbi.edu;43666740-K;
Sasha;Banks;et.risus@Quisquelibero.ca;11778701-K;
Brady;Roman;dignissim.pharetra@lorem.edu;46450343-9;
Ulla;Marsh;lorem.ipsum.sodales@consectetuereuismod.org;8394244-4;
Stephen;William;nonummy.Fusce.fermentum@semmolestiesodales.edu;34073687-7;
Hiram;Knox;tempor@eunibhvulputate.org;21049342-5;
Knox;Kane;Duis.a.mi@eget.edu;13588907-5;
Acton;Delaney;elit.elit.fermentum@eu.co.uk;28918557-7;
Prescott;Caldwell;nulla@risus.co.uk;45957970-2;
Mona;Michael;purus.Duis@lacinia.ca;44431133-9;
Samuel;Green;dolor.Nulla@egetvarius.ca;29872119-8;
Kuame;Price;placerat.velit.Quisque@rutrum.com;26939905-8;
Cody;Blair;morbi@milaciniamattis.net;17926137-5;
Kalia;Gibbs;iaculis@enim.net;22559843-6;
Cheyenne;Blanchard;Fusce.fermentum@massanon.ca;39347539-0;
Emery;Parsons;pharetra@lacusQuisque.edu;50736744-5;
Sybill;Murray;auctor.nunc.nulla@egetmagna.co.uk;44321917-K;
Kimberley;Whitley;pede.et.risus@dictumsapien.org;44022230-7;
Belle;Mason;non.bibendum@netus.ca;8606482-0;
Lewis;Griffin;tempus.risus.Donec@consectetueradipiscingelit.net;42359085-8;
Inga;Holder;ipsum.dolor.sit@Sedneque.com;21262159-5;
Austin;Shepard;hendrerit.id.ante@vitaemauris.net;6733224-5;
Kellie;Valencia;placerat.orci.lacus@temporbibendum.ca;9719403-3;
Justina;Rodgers;Suspendisse.sed.dolor@vitaedolor.ca;45731990-8;
Beck;Byrd;malesuada.vel.convallis@luctusvulputatenisi.com;49618519-6;
Maggy;Justice;pellentesque@maurisblandit.co.uk;29575240-8;
Aurora;Mccormick;lacus.Etiam.bibendum@nec.net;22911717-3;
Hiram;Potts;venenatis@Morbisit.ca;37583554-1;
Justina;Hardy;erat.vitae.risus@Namconsequatdolor.co.uk;43366376-4;
Imogene;Oconnor;venenatis@felis.net;40627035-1;
Hilda;Nieves;ligula@metussit.edu;44811360-4;
Illana;Terry;feugiat@justoPraesentluctus.org;19779995-1;
Joseph;Clements;erat.vitae.risus@ipsumcursusvestibulum.org;38329446-0;
Britanni;Decker;Curabitur.massa@quam.ca;8354761-8;
Arthur;Fitzpatrick;netus.et@nonummyac.net;26274242-3;
Axel;Beck;sapien@consequatpurus.edu;38123040-6;
Uriel;Thompson;sagittis.augue.eu@eu.co.uk;16078457-1;
Troy;Carr;vitae@parturient.net;35967527-5;
Pascale;English;et.magnis@lobortis.org;20706302-9;
Randall;Gates;cursus.Nunc.mauris@vitaepurus.org;9700368-8;
Jena;Riggs;ultricies.adipiscing@eratvitaerisus.net;27910931-7;
Riley;Clements;Suspendisse.dui@lobortis.org;17671214-7;
Shannon;Mills;egestas@inceptoshymenaeosMauris.ca;8970140-6;
Alika;Powers;orci.sem.eget@magnaUttincidunt.net;12197715-K;
Preston;Meadows;mauris@quis.co.uk;36322609-4;
Kadeem;Maddox;conubia.nostra@eutempor.com;7545165-2;
Xaviera;Harrison;molestie.orci@enimnectempus.co.uk;42191517-2;
Phoebe;Morton;enim@tinciduntdui.ca;40855588-4;
Kibo;Estrada;orci.tincidunt.adipiscing@vel.org;44489070-3;
Kadeem;Cummings;lobortis.ultrices@anuncIn.org;5214549-K;
Martin;Weaver;consectetuer@vestibulumMauris.edu;50630229-3;
Sloane;Spears;Praesent.luctus.Curabitur@ut.edu;40057519-3;
